id	duration	effect_type	requested_stance	cant_move	freeze_fatigue	fatigue_change_ratio	inspiration_aura_range_mod	ability_recharge_change	hp_change_frequency	damage_amount	max_damaged_entities	resurrect	mana_regen_mod	mana_max_depletion_mod	imbue_magical	imbue_ignition	imbue_contact	phase_display	phase_audio	is_hidden_in_ui	affects_allies	affects_enemies	replenish_ammo	composite_scene_group	spreading	freeze_recharge	heal_amount	barrier_heal_amount	remove_magical	execute_ratio
#special_ability_phases_tables;44;db/special_ability_phases_tables/tcs_spells																														
wh2_dlc09_spell_nehekhara_djafs_incantation_of_cursed_blades	-1.0000	positive		false	false	0.0000	0.0000	0.0000	0.0000	0	0	false	0.0000	0.0000	false	0		wh2_dlc09_spell_nehekhara_djafs_incantation_of_cursed_blades	wh2_tmb_spell_nehekhara_djafs_incantation_of_cursed_blades	false	true	false	0.0000			false	0.0000	0.0000	false	0.0000
wh2_dlc09_spell_nehekhara_djafs_incantation_of_cursed_blades_upgraded	-1.0000	positive		false	false	0.0000	0.0000	0.0000	0.0000	0	0	false	0.0000	0.0000	false	0		wh2_dlc09_spell_nehekhara_djafs_incantation_of_cursed_blades	wh2_tmb_spell_nehekhara_djafs_incantation_of_cursed_blades	false	true	false	0.0000			false	0.0000	0.0000	false	0.0000
wh2_dlc09_spell_nehekhara_nerus_incantation_of_protection	-1.0000	positive		false	false	0.0000	0.0000	0.0000	0.0000	0	0	false	0.0000	0.0000	false	0		wh2_dlc09_spell_nehekhara_nerus_incantation_of_protection	wh2_tmb_spell_nehekhara_nerus_incantation_of_protection	false	true	false	0.0000			false	0.0000	0.0000	false	0.0000
wh2_dlc09_spell_nehekhara_nerus_incantation_of_protection_upgraded	-1.0000	positive		false	false	0.0000	0.0000	0.0000	0.0000	0	0	false	0.0000	0.0000	false	0		wh2_dlc09_spell_nehekhara_nerus_incantation_of_protection	wh2_tmb_spell_nehekhara_nerus_incantation_of_protection	false	true	false	0.0000			false	0.0000	0.0000	false	0.0000
wh2_dlc09_spell_nehekhara_ptras_incantation_of_righteous_smiting	-1.0000	positive		false	false	0.0000	0.0000	0.0000	0.0000	0	0	false	0.0000	0.0000	false	0		wh2_dlc09_spell_nehekhara_ptras_incantation_of_righteous_smiting	wh2_tmb_spell_nehekhara_ptras_incantation_of_righteous_smiting	false	true	false	0.0000			false	0.0000	0.0000	false	0.0000
wh2_dlc09_spell_nehekhara_ptras_incantation_of_righteous_smiting_upgraded	-1.0000	positive		false	false	0.0000	0.0000	0.0000	0.0000	0	0	false	0.0000	0.0000	false	0		wh2_dlc09_spell_nehekhara_ptras_incantation_of_righteous_smiting	wh2_tmb_spell_nehekhara_ptras_incantation_of_righteous_smiting	false	true	false	0.0000			false	0.0000	0.0000	false	0.0000
wh2_dlc11_spell_deep_spiteful_shot	-1.0000	positive		false	false	0.0000	0.0000	0.0000	0.0000	0	0	false	0.0000	0.0000	true	0		wh2_dlc11_spell_deep_spiteful_shot	wh2_dlc11_spell_deep_spiteful_shot	false	true	false	0.0000			false	0.0000	0.0000	false	0.0000
wh2_dlc11_spell_deep_spiteful_shot_upgraded	-1.0000	positive		false	false	0.0000	0.0000	0.0000	0.0000	0	0	false	0.0000	0.0000	true	0		wh2_dlc11_spell_deep_spiteful_shot	wh2_dlc11_spell_deep_spiteful_shot	false	true	false	0.0000			false	0.0000	0.0000	false	0.0000
wh2_dlc14_spell_stealth_armour_of_darkness	-1.0000	positive		false	false	0.0000	0.0000	0.0000	0.0000	0	0	false	0.0000	0.0000	false	0		wh2_dlc14_spell_stealth_armour_of_darkness	wh2_dlc14_spell_stealth_armour_of_darkness	false	true	true	0.0000			false	0.0000	0.0000	false	0.0000
wh2_dlc14_spell_stealth_armour_of_darkness_upgraded	-1.0000	positive		false	false	0.0000	0.0000	0.0000	0.0000	0	0	false	0.0000	0.0000	false	0		wh2_dlc14_spell_stealth_armour_of_darkness	wh2_dlc14_spell_stealth_armour_of_darkness_upgraded	false	true	true	0.0000			false	0.0000	0.0000	false	0.0000
wh2_dlc17_spell_wild_mantle_of_ghorok_upgraded	-1.0000	positive		false	false	0.0000	0.0000	0.0000	0.0000	0	0	false	0.0000	0.0000	false	0		wh_dlc03_spell_wild_mantle_of_ghorok	wh_dlc03_spell_wild_mantle_of_ghorok	false	true	true	0.0000			false	0.0000	0.0000	false	0.0000
wh2_main_spell_bound_embers_of_the_phoenix	-1.0000	positive		false	false	0.0000	0.0000	0.0000	0.0000	0	0	false	0.0000	0.0000	true	10		wh_main_spell_fire_flaming_sword_of_rhuin	wh_ability_positive	false	true	true	0.0000			false	0.0000	0.0000	false	0.0000
wh2_main_spell_bound_the_seerstaff_of_saphery	-1.0000	positive		false	false	0.0000	0.0000	0.0000	0.0000	0	0	false	0.0000	0.0000	false	0		wh2_main_spell_high_magic_hand_of_glory	wh2_main_spell_high_magic_hand_of_glory	false	true	true	0.0000			false	0.0000	0.0000	false	0.0000
wh2_main_spell_high_magic_hand_of_glory	-1.0000	positive		false	false	0.0000	0.0000	0.0000	0.0000	0	0	false	0.0000	0.0000	false	0		wh2_main_spell_high_magic_hand_of_glory	wh2_main_spell_high_magic_hand_of_glory	false	true	true	0.0000			false	0.0000	0.0000	false	0.0000
wh2_main_spell_high_magic_hand_of_glory_upgraded	-1.0000	positive		false	false	0.0000	0.0000	0.0000	0.0000	0	0	false	0.0000	0.0000	false	0		wh2_main_spell_high_magic_hand_of_glory	wh2_main_spell_high_magic_hand_of_glory	false	true	true	0.0000			false	0.0000	0.0000	false	0.0000
wh2_main_spell_plague_bless_with_filth	-1.0000	positive		false	false	0.0000	0.0000	0.0000	0.0000	0	0	false	0.0000	0.0000	false	0	wh_main_unit_contact_poison	wh2_main_spell_plague_bless_with_filth	wh2_main_spell_plague_bless_with_filth	false	true	true	0.0000			false	0.0000	0.0000	false	0.0000
wh2_main_spell_plague_bless_with_filth_upgraded	-1.0000	positive		false	false	0.0000	0.0000	0.0000	0.0000	0	0	false	0.0000	0.0000	false	0	wh_main_unit_contact_poison	wh2_main_spell_plague_bless_with_filth	wh2_main_spell_plague_bless_with_filth	false	true	true	0.0000			false	0.0000	0.0000	false	0.0000
wh2_main_spell_ruin_death_frenzy	-1.0000	positive		false	false	0.0000	0.0000	0.0000	0.0000	0	0	false	0.0000	0.0000	false	0		wh2_main_spell_ruin_death_frenzy	wh_main_spell_ruin_death_frenzy	false	true	true	0.0000			false	0.0000	0.0000	false	0.0000
wh2_main_spell_ruin_skitterleap	-1.0000	positive		false	false	0.0000	0.0000	0.0000	0.0000	0	0	false	0.0000	0.0000	false	0		wh2_main_spell_ruin_skitterleap	wh2_dlc14_spell_stealth_skitterleap	false	true	true	0.0000			false	0.0000	0.0000	false	0.0000
wh2_main_spell_ruin_skitterleap_upgraded	-1.0000	positive		false	false	0.0000	0.0000	0.0000	0.0000	0	0	false	0.0000	0.0000	false	0		wh2_main_spell_ruin_skitterleap	wh2_dlc14_spell_stealth_skitterleap	false	true	true	0.0000			false	0.0000	0.0000	false	0.0000
wh3_dlc23_item_abilities_spell_wrought_sceptre	-1.0000	positive		false	false	0.0000	0.0000	-30.0000	0.0000	0	-1	false	0.0000	0.0000	false	0		wh_main_generic_buff_attack		false	true	true	0.0000			false	0.0000	0.0000	false	0.0000
wh3_dlc24_spell_hags_curse_of_the_ancient_witch_upgraded	-1.0000	positive		false	false	0.0000	0.0000	0.0000	0.0000	0	0	false	0.0000	0.0000	true	0		wh3_dlc24_curse_of_the_ancient_widow_upcast	wh3_dlc24_curse_of_the_ancient_widow	false	true	false	0.0000		wh3_dlc24_spell_hags_curse_of_the_ancient_witch_upgraded	false	0.0000	0.0000	false	0.0000
wh3_dlc24_spell_hags_malediction_of_madness_upgraded	-1.0000	positive		false	false	0.0000	0.0000	0.0000	0.0000	0	0	false	0.0000	0.0000	false	0		wh3_dlc24_malediction_of_madness_upcast	wh3_dlc24_malediction_of_madness	false	true	true	0.0000			false	0.0000	0.0000	false	0.0000
wh3_main_spell_great_maw_bullgorger	-1.0000	positive		false	false	0.0000	0.0000	0.0000	0.0000	0	0	false	0.0000	0.0000	false	0		wh3_main_spell_great_maw_bullgorger	wh3_main_spell_great_maw_bullgorger	false	true	true	0.0000			false	0.0000	0.0000	false	0.0000
wh3_main_spell_great_maw_bullgorger_upgraded	-1.0000	positive		false	false	0.0000	0.0000	0.0000	0.0000	0	0	false	0.0000	0.0000	false	0		wh3_main_spell_great_maw_bullgorger	wh3_main_spell_great_maw_bullgorger	false	true	true	0.0000			false	0.0000	0.0000	false	0.0000
wh3_main_spell_great_maw_toothcracker	-1.0000	positive		false	false	0.0000	0.0000	0.0000	0.0000	0	0	false	0.0000	0.0000	false	0		wh3_main_spell_great_maw_toothcracker	wh3_main_spell_great_maw_toothcracker	false	true	true	0.0000			false	0.0000	0.0000	false	0.0000
wh3_main_spell_great_maw_toothcracker_upgraded	-1.0000	positive		false	false	0.0000	0.0000	0.0000	0.0000	0	0	false	0.0000	0.0000	false	0		wh3_main_spell_great_maw_toothcracker	wh3_main_spell_great_maw_toothcracker	false	true	true	0.0000			false	0.0000	0.0000	false	0.0000
wh3_main_spell_ice_crystal_sanctuary	-1.0000	positive		true	false	0.0000	0.0000	0.0000	0.0000	0	0	false	0.0000	0.0000	false	0		wh3_main_ice_crystal_sanctuary	wh3_main_spell_ice_crystal_sanctuary	false	true	true	0.0000			false	0.0000	0.0000	false	0.0000
wh3_main_spell_ice_crystal_sanctuary_upgraded	-1.0000	positive		true	false	0.0000	0.0000	0.0000	0.0000	0	0	false	0.0000	0.0000	false	0		wh3_main_ice_crystal_sanctuary	wh3_main_spell_ice_crystal_sanctuary	false	true	true	0.0000			false	0.0000	0.0000	false	0.0000
wh3_main_spell_ice_frost_blades	-1.0000	positive		false	false	0.0000	0.0000	0.0000	0.0000	0	0	false	0.0000	0.0000	true	0		wh3_main_ice_frost_blade	wh3_main_spell_ice_frost_blades	false	true	true	0.0000			false	0.0000	0.0000	false	0.0000
wh3_main_spell_ice_frost_blades_upgraded	-1.0000	positive		false	false	0.0000	0.0000	0.0000	0.0000	0	0	false	0.0000	0.0000	true	0		wh3_main_ice_frost_blade	wh3_main_spell_ice_frost_blades	false	true	true	0.0000			false	0.0000	0.0000	false	0.0000
wh3_main_spell_nurgle_curse_of_the_leper	-1.0000	positive		false	false	0.0000	0.0000	0.0000	0.0000	0	0	false	0.0000	0.0000	false	0		wh3_main_nurgle_curse_of_the_leper_entity	wh3_main_spell_nurgle_curse_of_the_leper	false	true	true	0.0000			false	0.0000	0.0000	false	0.0000
wh3_main_spell_nurgle_curse_of_the_leper_upgraded	-1.0000	positive		false	false	0.0000	0.0000	0.0000	0.0000	0	0	false	0.0000	0.0000	false	0		wh3_main_nurgle_curse_of_the_leper_entity	wh3_main_spell_nurgle_curse_of_the_leper	false	true	true	0.0000			false	0.0000	0.0000	false	0.0000
wh3_main_spell_slaanesh_hysterical_frenzy	-1.0000	positive		false	false	0.0000	0.0000	0.0000	0.0000	0	0	false	0.0000	0.0000	false	0		wh3_main_spell_slaanesh_hysterical_frenzy	wh3_main_spell_slaanesh_hysterical_frenzy	false	true	true	0.0000			false	0.0000	0.0000	false	0.0000
wh3_main_spell_slaanesh_hysterical_frenzy_upgraded	-1.0000	positive		false	false	0.0000	0.0000	0.0000	0.0000	0	0	false	0.0000	0.0000	false	0		wh3_main_spell_slaanesh_hysterical_frenzy	wh3_main_spell_slaanesh_hysterical_frenzy	false	true	true	0.0000			false	0.0000	0.0000	false	0.0000
wh3_main_spell_tempest_gust_of_true_flight	-1.0000	positive		false	false	0.0000	0.0000	0.0000	0.0000	0	0	false	0.0000	0.0000	false	0		wh3_main_tempest_gust_of_true_flight	wh3_main_spell_tempest_gust_of_true_flight	false	true	true	0.0000			false	0.0000	0.0000	false	0.0000
wh3_main_spell_tempest_gust_of_true_flight_upgraded	-1.0000	positive		false	false	0.0000	0.0000	0.0000	0.0000	0	0	false	0.0000	0.0000	false	0		wh3_main_tempest_gust_of_true_flight	wh3_main_spell_tempest_gust_of_true_flight	false	true	true	0.0000			false	0.0000	0.0000	false	0.0000
wh3_main_spell_tempest_swiftwing	-1.0000	positive		false	false	0.0000	0.0000	0.0000	0.0000	0	0	false	0.0000	0.0000	false	0		wh3_main_tempest_swiftwing	wh3_main_character_magic_swiftwing	false	true	true	0.0000			false	0.0000	0.0000	false	0.0000
wh3_main_spell_tempest_swiftwing_upgraded	-1.0000	positive		false	false	0.0000	0.0000	0.0000	0.0000	0	0	false	0.0000	0.0000	false	0		wh3_main_tempest_swiftwing		false	true	true	0.0000			false	0.0000	0.0000	false	0.0000
wh3_main_spell_yang_jade_shield	-1.0000	positive		false	false	0.0000	0.0000	0.0000	0.0000	0	0	false	0.0000	0.0000	false	0		wh3_main_yang_jade_shield	wh3_main_spell_yang_jade_shield	false	true	true	0.0000			false	0.0000	0.0000	false	0.0000
wh3_main_spell_yang_jade_shield_upgraded	-1.0000	positive		false	false	0.0000	0.0000	0.0000	0.0000	0	0	false	0.0000	0.0000	false	0		wh3_main_yang_jade_shield	wh3_main_spell_yang_jade_shield	false	true	true	0.0000			false	0.0000	0.0000	false	0.0000
wh3_main_spell_yang_might_of_heaven_and_earth	-1.0000	positive		false	false	0.0000	0.0000	0.0000	0.0000	0	0	false	0.0000	0.0000	true	10		wh3_main_yang_might_heaven_earth	wh3_main_spell_yang_might_of_heaven_and_earth	false	true	true	0.0000			false	0.0000	0.0000	false	0.0000
wh3_main_spell_yang_might_of_heaven_and_earth_upgraded	-1.0000	positive		false	false	0.0000	0.0000	0.0000	0.0000	0	0	false	0.0000	0.0000	true	10		wh3_main_yang_might_heaven_earth	wh3_main_spell_yang_might_of_heaven_and_earth	false	true	true	0.0000			false	0.0000	0.0000	false	0.0000
wh3_main_spell_yang_stone_ground_stance	-1.0000	positive		false	false	0.0000	0.0000	0.0000	0.0000	0	0	false	0.0000	0.0000	false	0		wh3_main_spell_yang_stone_ground	wh3_main_spell_yang_stone_ground_stance	false	true	true	0.0000			false	0.0000	0.0000	false	0.0000
wh3_main_spell_yang_stone_ground_stance_upgraded	-1.0000	positive		false	false	0.0000	0.0000	0.0000	0.0000	0	0	false	0.0000	0.0000	false	0		wh3_main_spell_yang_stone_ground	wh3_main_spell_yang_stone_ground_stance	false	true	true	0.0000			false	0.0000	0.0000	false	0.0000
wh3_main_spell_yin_cloak_of_jet	-1.0000	positive		false	false	0.0000	0.0000	0.0000	0.0000	0	0	false	0.0000	0.0000	false	0		wh3_main_spell_yin_cloak_of_jet	wh3_main_spell_yin_cloak_of_jet	false	true	true	0.0000			false	0.0000	0.0000	false	0.0000
wh3_main_spell_yin_cloak_of_jet_upgraded	-1.0000	positive		false	false	0.0000	0.0000	0.0000	0.0000	0	0	false	0.0000	0.0000	false	0		wh3_main_spell_yin_cloak_of_jet	wh3_main_spell_yin_cloak_of_jet	false	true	true	0.0000			false	0.0000	0.0000	false	0.0000
wh_dlc03_spell_beasts_panns_impenetrable_pelt	-1.0000	positive		false	false	0.0000	0.0000	0.0000	0.0000	0	0	false	0.0000	0.0000	false	0		wh_dlc03_spell_beasts_panns_impenetrable_pelt	wh_dlc03_spell_beasts_panns_impenetrable_pelt	false	true	true	0.0000			false	0.0000	0.0000	false	0.0000
wh_dlc03_spell_beasts_panns_impenetrable_pelt_upgraded	-1.0000	positive		false	false	0.0000	0.0000	0.0000	0.0000	0	0	false	0.0000	0.0000	false	0		wh_dlc03_spell_beasts_panns_impenetrable_pelt	wh_dlc03_spell_beasts_panns_impenetrable_pelt	false	true	true	0.0000			false	0.0000	0.0000	false	0.0000
wh_dlc03_spell_beasts_wyssans_wildform	-1.0000	positive		false	false	0.0000	0.0000	0.0000	0.0000	0	0	false	0.0000	0.0000	false	0		wh_dlc03_spell_beasts_wyssans_wildform	wh_dlc03_spell_beasts_wyssans_wildform	false	true	true	0.0000			false	0.0000	0.0000	false	0.0000
wh_dlc03_spell_wild_mantle_of_ghorok	-1.0000	positive		false	false	0.0000	0.0000	0.0000	0.0000	0	0	false	0.0000	0.0000	false	0		wh_dlc03_spell_wild_mantle_of_ghorok	wh_dlc03_spell_wild_mantle_of_ghorok	false	true	true	0.0000			false	0.0000	0.0000	false	0.0000
wh_dlc04_spell_bound_hammer_of_sigmar_upgraded	-1.0000	positive		false	false	0.0000	0.0000	0.0000	0.0000	0	0	false	0.0000	0.0000	false	0		wh_main_generic_buff_attack_banner	wh_ability_positive_one_shot	false	true	true	0.0000			false	0.0000	0.0000	false	0.0000
wh_dlc04_spell_bound_shield_of_faith_upgraded	-1.0000	positive		false	false	0.0000	0.0000	0.0000	0.0000	0	0	false	0.0000	0.0000	false	0		wh_main_generic_ward_save_all	wh_ability_positive	false	true	true	0.0000			false	0.0000	0.0000	false	0.0000
wh_dlc05_spell_life_flesh_to_stone	-1.0000	positive		false	false	0.0000	0.0000	0.0000	0.0000	0	0	false	0.0000	0.0000	false	0		wh_dlc05_spell_life_flesh_to_stone	wh_dlc05_spell_life_flesh_to_stone	false	true	true	0.0000			false	0.0000	0.0000	false	0.0000
wh_dlc05_spell_life_flesh_to_stone_upgraded	-1.0000	positive		false	false	0.0000	0.0000	0.0000	0.0000	0	0	false	0.0000	0.0000	false	0		wh_dlc05_spell_life_flesh_to_stone	wh_dlc05_spell_life_flesh_to_stone	false	true	true	0.0000			false	0.0000	0.0000	false	0.0000
wh_dlc05_spell_life_shield_of_thorns	-1.0000	positive		false	false	0.0000	0.0000	0.0000	0.0000	0	0	false	0.0000	0.0000	false	0		wh_dlc05_spell_life_shield_of_thorns	wh_dlc05_spell_life_shield_of_thorns	false	true	true	0.0000			false	0.0000	0.0000	false	0.0000
wh_dlc05_spell_life_shield_of_thorns_upgraded	-1.0000	positive		false	false	0.0000	0.0000	0.0000	0.0000	0	0	false	0.0000	0.0000	false	0		wh_dlc05_spell_life_shield_of_thorns	wh_dlc05_spell_life_shield_of_thorns	false	true	true	0.0000			false	0.0000	0.0000	false	0.0000
wh_dlc05_spell_shadow_okkams_mindrazor	-1.0000	positive		false	false	0.0000	0.0000	0.0000	0.0000	0	0	false	0.0000	0.0000	true	0		wh_main_shadow_buff_attack_passive	wh_dlc05_spell_shadow_okkams_mindrazor	false	true	true	0.0000			false	0.0000	0.0000	false	0.0000
wh_dlc05_spell_shadow_okkams_mindrazor_upgraded	-1.0000	positive		false	false	0.0000	0.0000	0.0000	0.0000	0	0	false	0.0000	0.0000	true	0		wh_main_shadow_buff_attack_passive	wh_dlc05_spell_shadow_okkams_mindrazor	false	true	true	0.0000			false	0.0000	0.0000	false	0.0000
wh_main_spell_big_waaagh_ere_we_go	-1.0000	positive		false	false	0.0000	0.0000	0.0000	0.0000	0	0	false	0.0000	0.0000	false	0		wh_main_spell_big_waaagh_ere_we_go	wh_main_spell_big_waaagh_ere_we_go	false	true	true	0.0000			false	0.0000	0.0000	false	0.0000
wh_main_spell_big_waaagh_fists_of_gork	-1.0000	positive		false	false	0.0000	0.0000	0.0000	0.0000	0	0	false	0.0000	0.0000	true	0		wh_main_spell_big_waaagh_fists_of_gork	wh_main_spell_big_waaagh_fists_of_gork	false	true	true	0.0000			false	0.0000	0.0000	false	0.0000
wh_main_spell_bound_bironas_timewarp	-1.0000	positive		false	false	0.0000	0.0000	0.0000	0.0000	0	0	false	0.0000	0.0000	false	0		wh_main_spell_light_bironas_timewarp	wh_main_spell_light_bironas_timewarp	false	true	true	0.0000			false	0.0000	0.0000	false	0.0000
wh_main_spell_bound_book_of_arkhan	-1.0000	positive		false	false	0.0000	0.0000	0.0000	0.0000	0	0	false	0.0000	0.0000	false	0		wh_main_generic_buff_attack	wh_ability_positive	false	true	true	0.0000			false	0.0000	0.0000	false	0.0000
wh_main_spell_bound_hammer_of_sigmar	-1.0000	positive		false	false	0.0000	0.0000	0.0000	0.0000	0	0	false	0.0000	0.0000	false	0		wh_main_generic_buff_attack_banner	wh_ability_positive_one_shot	false	true	true	0.0000			false	0.0000	0.0000	false	0.0000
wh_main_spell_bound_shield_of_faith	-1.0000	positive		false	false	0.0000	0.0000	0.0000	0.0000	0	0	false	0.0000	0.0000	false	0		wh_main_generic_ward_save_all	wh_ability_positive	false	true	true	0.0000			false	0.0000	0.0000	false	0.0000
wh_main_spell_bound_staff_of_damnation	-1.0000	positive		false	false	0.0000	0.0000	0.0000	0.0000	0	0	false	0.0000	0.0000	false	0		wh_main_spell_vampires_vanhels_danse_macabre		false	true	true	0.0000			false	0.0000	0.0000	false	0.0000
wh_main_spell_death_aspect_of_the_dreadknight	-1.0000	positive		false	false	0.0000	0.0000	0.0000	0.0000	0	0	false	0.0000	0.0000	true	0		wh_main_spell_death_aspect_of_the_dreadknight	wh_main_spell_death_aspect_of_the_dreadknight	false	true	true	0.0000			false	0.0000	0.0000	false	0.0000
wh_main_spell_death_aspect_of_the_dreadknight_upgraded	-1.0000	positive		false	false	0.0000	0.0000	0.0000	0.0000	0	0	false	0.0000	0.0000	true	0		wh_main_spell_death_aspect_of_the_dreadknight	wh_main_spell_death_aspect_of_the_dreadknight	false	true	true	0.0000			false	0.0000	0.0000	false	0.0000
wh_main_spell_fire_cascading_fire_cloak	-1.0000	positive		false	false	0.0000	0.0000	0.0000	0.0000	0	0	false	0.0000	0.0000	false	0		wh_main_spell_fire_cascading_fire_cloak	wh_main_spell_fire_cascading_fire_cloak	false	true	true	0.0000			false	0.0000	0.0000	false	0.0000
wh_main_spell_fire_flaming_sword_of_rhuin	-1.0000	positive		false	false	0.0000	0.0000	0.0000	0.0000	0	0	false	0.0000	0.0000	true	10		wh_main_spell_fire_flaming_sword_of_rhuin	wh_main_spell_fire_flaming_sword_of_rhuin	false	true	true	0.0000			false	0.0000	0.0000	false	0.0000
wh_main_spell_fire_flaming_sword_of_rhuin_upgraded	-1.0000	positive		false	false	0.0000	0.0000	0.0000	0.0000	0	0	false	0.0000	0.0000	true	10		wh_main_spell_fire_flaming_sword_of_rhuin	wh_main_spell_fire_flaming_sword_of_rhuin	false	true	true	0.0000			false	0.0000	0.0000	false	0.0000
wh_main_spell_heavens_harmonic_convergence	-1.0000	positive		false	false	0.0000	0.0000	0.0000	0.0000	0	0	false	0.0000	0.0000	false	0		wh_main_spell_heavens_harmonic_convergence	wh_main_spell_heavens_harmonic_convergence	false	true	true	0.0000			false	0.0000	0.0000	false	0.0000
wh_main_spell_heavens_harmonic_convergence_upgraded	-1.0000	positive		false	false	0.0000	0.0000	0.0000	0.0000	0	0	false	0.0000	0.0000	false	0		wh_main_spell_heavens_harmonic_convergence	wh_main_spell_heavens_harmonic_convergence	false	true	true	0.0000			false	0.0000	0.0000	false	0.0000
wh_main_spell_light_bironas_timewarp	-1.0000	positive		false	false	0.0000	0.0000	0.0000	0.0000	0	0	false	0.0000	0.0000	false	0		wh_main_spell_light_bironas_timewarp	wh_main_spell_light_bironas_timewarp	false	true	true	0.0000			false	0.0000	0.0000	false	0.0000
wh_main_spell_light_bironas_timewarp_upgraded	-1.0000	positive		false	false	0.0000	0.0000	0.0000	0.0000	0	0	false	0.0000	0.0000	false	0		wh_main_spell_light_bironas_timewarp	wh_main_spell_light_bironas_timewarp	false	true	true	0.0000			false	0.0000	0.0000	false	0.0000
wh_main_spell_light_light_of_battle	-1.0000	positive		false	false	0.0000	0.0000	0.0000	0.0000	0	0	false	0.0000	0.0000	false	0		wh_main_spell_light_light_of_battle	wh_main_spell_light_light_of_battle	false	true	true	0.0000			false	0.0000	0.0000	false	0.0000
wh_main_spell_light_light_of_battle_upgraded	-1.0000	positive		false	false	0.0000	0.0000	0.0000	0.0000	0	0	false	0.0000	0.0000	false	0		wh_main_spell_light_light_of_battle	wh_main_spell_light_light_of_battle	false	true	true	0.0000			false	0.0000	0.0000	false	0.0000
wh_main_spell_light_phas_protection	-1.0000	positive		false	false	0.0000	0.0000	0.0000	0.0000	0	0	false	0.0000	0.0000	false	0		wh_main_spell_light_phas_protection	wh_main_spell_light_phas_protection	false	true	true	0.0000			false	0.0000	0.0000	false	0.0000
wh_main_spell_light_phas_protection_upgraded	-1.0000	positive		false	false	0.0000	0.0000	0.0000	0.0000	0	0	false	0.0000	0.0000	false	0		wh_main_spell_light_phas_protection	wh_main_spell_light_phas_protection	false	true	true	0.0000			false	0.0000	0.0000	false	0.0000
wh_main_spell_lil_waaagh_night_shroud	-1.0000	positive		false	false	0.0000	0.0000	0.0000	0.0000	0	0	false	0.0000	0.0000	false	0		wh_main_spell_lil_waaagh_night_shroud	wh_main_spell_lil_waaagh_night_shroud	false	true	true	0.0000			false	0.0000	0.0000	false	0.0000
wh_main_spell_lil_waaagh_night_shroud_upgraded	-1.0000	positive		false	false	0.0000	0.0000	0.0000	0.0000	0	0	false	0.0000	0.0000	false	0		wh_main_spell_lil_waaagh_night_shroud	wh_main_spell_lil_waaagh_night_shroud	false	true	true	0.0000			false	0.0000	0.0000	false	0.0000
wh_main_spell_lil_waaagh_sneaky_stabbin	-1.0000	positive		false	false	0.0000	0.0000	0.0000	0.0000	0	0	false	0.0000	0.0000	false	0		wh_main_spell_lil_waaagh_sneaky_stabbin	wh_main_spell_lil_waaagh_sneaky_stabbin	false	true	true	0.0000			false	0.0000	0.0000	false	0.0000
wh_main_spell_metal_glittering_robe	-1.0000	positive		false	false	0.0000	0.0000	0.0000	0.0000	0	0	false	0.0000	0.0000	false	0		wh_main_spell_metal_glittering_robe	wh_main_spell_metal_glittering_robe	false	true	true	0.0000			false	0.0000	0.0000	false	0.0000
wh_main_spell_metal_glittering_robe_upgraded	-1.0000	positive		false	false	0.0000	0.0000	0.0000	0.0000	0	0	false	0.0000	0.0000	false	0		wh_main_spell_metal_glittering_robe	wh_main_spell_metal_glittering_robe	false	true	true	0.0000			false	0.0000	0.0000	false	0.0000
wh_main_spell_vampires_vanhels_danse_macabre	-1.0000	positive		false	false	0.0000	0.0000	0.0000	0.0000	0	0	false	0.0000	0.0000	false	0		wh_main_spell_vampires_vanhels_danse_macabre	wh_main_spell_vampires_vanhels_danse_macabre	false	true	true	0.0000			false	0.0000	0.0000	false	0.0000
wh_main_spell_vampires_vanhels_danse_macabre_upgraded	-1.0000	positive		false	false	0.0000	0.0000	0.0000	0.0000	0	0	false	0.0000	0.0000	false	0		wh_main_spell_vampires_vanhels_danse_macabre	wh_main_spell_vampires_vanhels_danse_macabre	false	true	true	0.0000			false	0.0000	0.0000	false	0.0000
wh2_dlc09_spell_nehekhara_usekhps_incantation_of_desiccation	-1.0000	negative		false	false	0.0000	0.0000	0.0000	0.0000	0	0	false	0.0000	0.0000	false	0		wh2_dlc09_spell_nehekhara_usekhps_incantation_of_desiccation	wh2_tmb_spell_nehekhara_usekhps_incantation_of_dessication	false	false	true	0.0000			false	0.0000	0.0000	false	0.0000
wh2_dlc09_spell_nehekhara_usekhps_incantation_of_desiccation_upgraded	-1.0000	negative		false	false	0.0000	0.0000	0.0000	0.0000	0	0	false	0.0000	0.0000	false	0		wh2_dlc09_spell_nehekhara_usekhps_incantation_of_desiccation	wh2_tmb_spell_nehekhara_usekhps_incantation_of_dessication	false	false	true	0.0000			false	0.0000	0.0000	false	0.0000
wh2_dlc11_spell_deep_fog_of_the_damned	-1.0000	negative		false	false	0.0000	0.0000	0.0000	0.0000	0	0	false	0.0000	0.0000	false	0		wh_main_spell_heavens_curse_of_the_midnight_wind	wh2_dlc11_ability_fog_of_the_damned_debuff	false	true	true	0.0000			false	0.0000	0.0000	false	0.0000
wh2_dlc11_spell_deep_fog_of_the_damned_upgraded	-1.0000	negative		false	false	0.0000	0.0000	0.0000	0.0000	0	0	false	0.0000	0.0000	false	0		wh_main_spell_heavens_curse_of_the_midnight_wind	wh2_dlc11_ability_fog_of_the_damned_debuff	false	true	true	0.0000			false	0.0000	0.0000	false	0.0000
wh2_dlc11_spell_deep_krakens_pull	-1.0000	negative		false	false	0.0000	0.0000	0.0000	0.0000	0	0	false	0.0000	0.0000	false	0		wh_main_spell_heavens_curse_of_the_midnight_wind		false	false	true	0.0000			false	0.0000	0.0000	false	0.0000
wh2_dlc11_spell_deep_tidecall	-1.0000	negative		false	false	0.0000	0.0000	0.0000	0.0000	0	0	false	0.0000	0.0000	false	0				false	false	true	0.0000			false	0.0000	0.0000	false	0.0000
wh2_dlc14_spell_stealth_brittle_bone	-1.0000	negative		false	false	0.0000	0.0000	0.0000	0.0000	0	0	false	0.0000	0.0000	false	0		wh2_dlc14_spell_stealth_brittle_bone	wh2_dlc14_spell_stealth_brittle_bone	false	true	true	0.0000			false	0.0000	0.0000	false	0.0000
wh2_dlc14_spell_stealth_brittle_bone_upgraded	-1.0000	negative		false	false	0.0000	0.0000	0.0000	0.0000	0	0	false	0.0000	0.0000	false	0		wh2_dlc14_spell_stealth_brittle_bone	wh2_dlc14_spell_stealth_brittle_bone_upgraded	false	true	true	0.0000			false	0.0000	0.0000	false	0.0000
wh2_dlc14_spell_stealth_veil_of_shadows	-1.0000	negative		false	false	0.0000	0.0000	0.0000	0.0000	0	0	false	0.0000	0.0000	false	0				false	false	true	0.0000			false	0.0000	0.0000	false	0.0000
wh2_main_spell_bound_whip_of_agony	-1.0000	negative		false	false	0.0000	0.0000	0.0000	0.0000	0	0	false	0.0000	0.0000	false	0		wh2_main_spell_dark_magic_word_of_pain	wh_main_spell_dark_magic_word_of_pain	false	true	true	0.0000			false	0.0000	0.0000	false	0.0000
wh2_main_spell_dark_magic_chillwind	-1.0000	negative		false	false	0.0000	0.0000	0.0000	0.0000	0	0	false	0.0000	0.0000	false	0				false	false	true	0.0000			false	0.0000	0.0000	false	0.0000
wh2_main_spell_dark_magic_chillwind_upgraded	-1.0000	negative		false	false	0.0000	0.0000	0.0000	0.0000	0	0	false	0.0000	0.0000	false	0				false	false	true	0.0000			false	0.0000	0.0000	false	0.0000
wh2_main_spell_dark_magic_word_of_pain	-1.0000	negative		false	false	0.0000	0.0000	0.0000	0.0000	0	0	false	0.0000	0.0000	false	0		wh2_main_spell_dark_magic_word_of_pain	wh_main_spell_dark_magic_word_of_pain	false	true	true	0.0000			false	0.0000	0.0000	false	0.0000
wh2_main_spell_dark_magic_word_of_pain_upgraded	-1.0000	negative		false	false	0.0000	0.0000	0.0000	0.0000	0	0	false	0.0000	0.0000	false	0		wh2_main_spell_dark_magic_word_of_pain	wh_main_spell_dark_magic_word_of_pain	false	true	true	0.0000			false	0.0000	0.0000	false	0.0000
wh2_main_spell_plague_wither	-1.0000	negative		false	false	0.0000	0.0000	0.0000	0.0000	0	0	false	0.0000	0.0000	false	0		wh2_main_spell_plague_wither	wh2_main_spell_plague_wither	false	true	true	0.0000			false	0.0000	0.0000	false	0.0000
wh2_main_spell_plague_wither_upgraded	-1.0000	negative		false	false	0.0000	0.0000	0.0000	0.0000	0	0	false	0.0000	0.0000	false	0		wh2_main_spell_plague_wither	wh2_main_spell_plague_wither	false	true	true	0.0000			false	0.0000	0.0000	false	0.0000
wh2_main_spell_ruin_howling_warpgale	-1.0000	negative		true	false	0.0000	0.0000	0.0000	0.0000	0	0	false	0.0000	0.0000	false	0		wh2_main_spell_ruin_howling_warpgale	wh_main_spell_ruin_howling_warpgale	false	true	true	0.0000			false	0.0000	0.0000	false	0.0000
wh2_main_spell_ruin_howling_warpgale_upgraded	-1.0000	negative		true	false	0.0000	0.0000	0.0000	0.0000	0	0	false	0.0000	0.0000	false	0		wh2_main_spell_ruin_howling_warpgale	wh_main_spell_ruin_howling_warpgale	false	true	true	0.0000			false	0.0000	0.0000	false	0.0000
wh3_dlc23_spell_hashut_ash_storm	-1.0000	negative		false	false	0.0000	0.0000	0.0000	0.0000	0	0	false	0.0000	0.0000	false	0		wh3_dlc23_hashut_ash_storm	wh3_dlc23_spell_hashut_ash_storm	false	true	true	0.0000			false	0.0000	0.0000	false	0.0000
wh3_dlc23_spell_hashut_ash_storm_upgraded	-1.0000	negative		false	false	0.0000	0.0000	0.0000	0.0000	0	0	false	0.0000	0.0000	false	0		wh3_dlc23_hashut_ash_storm	wh3_dlc23_spell_hashut_ash_storm	false	true	true	0.0000			false	0.0000	0.0000	false	0.0000
wh3_dlc23_spell_hashut_dark_subjugation	-1.0000	negative		false	false	0.0000	0.0000	0.0000	0.0000	0	0	false	0.0000	0.0000	false	0		wh3_dlc23_dark_subjugation	wh3_dlc23_spell_hashut_dark_subjugation	false	true	true	0.0000			false	0.0000	0.0000	false	0.0000
wh3_dlc23_spell_hashut_dark_subjugation_upgraded	-1.0000	negative		false	false	0.0000	0.0000	0.0000	0.0000	0	0	false	0.0000	0.0000	false	0		wh3_dlc23_dark_subjugation	wh3_dlc23_spell_hashut_dark_subjugation	false	true	true	0.0000			false	0.0000	0.0000	false	0.0000
wh3_dlc24_spell_bound_missile_mirror	-1.0000	negative		false	false	0.0000	0.0000	0.0000	0.0000	0	0	false	0.0000	0.0000	false	0		wh3_main_spell_yin_missile_mirror	wh3__spell_yin_missile_mirror	false	true	true	0.0000			false	0.0000	0.0000	false	0.0000
wh3_dlc24_spell_hags_curse_of_the_ancient_witch	-1.0000	negative		false	false	0.0000	0.0000	0.0000	0.0000	0	0	false	0.0000	0.0000	false	0		wh3_dlc24_curse_of_the_ancient_widow	wh3_dlc24_curse_of_the_ancient_widow	false	false	true	0.0000		wh3_dlc24_spell_hags_curse_of_the_ancient_witch	false	0.0000	0.0000	false	0.0000
wh3_dlc24_spell_hags_the_forbidden_fens	-1.0000	negative		false	false	0.0000	0.0000	0.0000	0.0000	0	0	false	0.0000	0.0000	false	0		wh3_dlc24_spell_hag_the_forbidden_fens	wh3_dlc24_spell_hag_generic_wisp	false	true	true	0.0000			false	0.0000	0.0000	false	0.0000
wh3_main_spell_bound_transmutation_of_lead	-1.0000	negative		false	false	0.0000	0.0000	0.0000	0.0000	0	0	false	0.0000	0.0000	false	0		wh_main_spell_metal_transmutation_of_lead	wh_main_spell_metal_transmutation_of_lead	false	true	true	0.0000			false	0.0000	0.0000	false	0.0000
wh3_main_spell_great_maw_braingobbler	-1.0000	negative		false	false	0.0000	0.0000	0.0000	0.0000	0	0	false	0.0000	0.0000	false	0		wh3_main_spell_great_maw_braingobbler	wh3_main_spell_great_maw_braingobbler	false	true	true	0.0000			false	0.0000	0.0000	false	0.0000
wh3_main_spell_great_maw_braingobbler_upgraded	-1.0000	negative		false	false	0.0000	0.0000	0.0000	0.0000	0	0	false	0.0000	0.0000	false	0		wh3_main_spell_great_maw_braingobbler	wh3_main_spell_great_maw_braingobbler	false	true	true	0.0000			false	0.0000	0.0000	false	0.0000
wh3_main_spell_ice_ice_sheet	-1.0000	negative		false	false	0.0000	0.0000	0.0000	0.0000	0	0	false	0.0000	0.0000	false	0		wh3_main_ice_ice_sheet_debuff		false	true	true	0.0000			false	0.0000	0.0000	false	0.0000
wh3_main_spell_nurgle_miasma_of_pestilence	-1.0000	negative		false	false	0.0000	0.0000	0.0000	0.0000	0	0	false	0.0000	0.0000	false	0		wh3_main_nurgle_miasma_of_pestilence	wh3_main_spell_nurgle_miasma_of_pestilence	false	true	true	0.0000			false	0.0000	0.0000	false	0.0000
wh3_main_spell_nurgle_miasma_of_pestilence_upgraded	-1.0000	negative		false	false	0.0000	0.0000	0.0000	0.0000	0	0	false	0.0000	0.0000	false	0		wh3_main_nurgle_miasma_of_pestilence	wh3_main_spell_nurgle_miasma_of_pestilence	false	true	true	0.0000		wh3_main_spell_nurgle_miasma_of_pestilence_upgraded	false	0.0000	0.0000	false	0.0000
wh3_main_spell_slaanesh_acquiescence	-1.0000	negative		false	false	0.0000	0.0000	0.0000	0.0000	0	0	false	0.0000	0.0000	false	0		wh3_main_spell_slaanesh_acquiescence	wh3_main_spell_slaanesh_acquiescence	false	true	true	0.0000			false	0.0000	0.0000	false	0.0000
wh3_main_spell_slaanesh_acquiescence_upgraded	-1.0000	negative		false	false	0.0000	0.0000	0.0000	0.0000	0	0	false	0.0000	0.0000	false	0		wh3_main_spell_slaanesh_acquiescence	wh3_main_spell_slaanesh_acquiescence	false	true	true	0.0000			false	0.0000	0.0000	false	0.0000
wh3_main_spell_slaanesh_phantasmagoria	-1.0000	negative		true	false	0.0000	0.0000	0.0000	0.0000	0	0	false	0.0000	0.0000	false	0		wh3_main_spell_slaanesh_phantasmagoria	wh3_main_spell_slaanesh_phantasmagoria	false	true	true	0.0000			false	0.0000	0.0000	false	0.0000
wh3_main_spell_slaanesh_phantasmagoria_upgraded	-1.0000	negative		true	false	0.0000	0.0000	0.0000	0.0000	0	0	false	0.0000	0.0000	false	0		wh3_main_spell_slaanesh_phantasmagoria	wh3_main_spell_slaanesh_phantasmagoria	false	true	true	0.0000			false	0.0000	0.0000	false	0.0000
wh3_main_spell_tempest_hawks_of_miska	-1.0000	negative		false	false	0.0000	0.0000	0.0000	0.0000	0	0	false	0.0000	0.0000	false	0				false	true	true	0.0000			false	0.0000	0.0000	false	0.0000
wh3_main_spell_tempest_hawks_of_miska_upgraded	-1.0000	negative		false	false	0.0000	0.0000	0.0000	0.0000	0	0	false	0.0000	0.0000	false	0				false	true	true	0.0000			false	0.0000	0.0000	false	0.0000
wh3_main_spell_tzeentch_glean_magic	-1.0000	negative		false	false	0.0000	0.0000	0.0000	0.0000	0	0	false	-0.4000	-0.1000	false	0		wh3_main_tzeentch_glean_magic_debuff	wh3_main_spell_tzeentch_glean_magic	false	true	true	0.0000			false	0.0000	0.0000	false	0.0000
wh3_main_spell_tzeentch_glean_magic_upgraded	-1.0000	negative		false	false	0.0000	0.0000	0.0000	0.0000	0	0	false	-0.4000	-0.1000	false	0		wh3_main_tzeentch_glean_magic_debuff	wh3_main_spell_tzeentch_glean_magic	false	true	true	0.0000			false	0.0000	0.0000	false	0.0000
wh3_main_spell_tzeentch_treason_of_tzeentch	-1.0000	negative		false	false	0.0000	0.0000	0.0000	0.0000	0	0	false	0.0000	0.0000	false	0		wh3_main_tzeentch_treason_of_tzeentch	wh3_main_spell_tzeentch_treason_of_tzeentch	false	true	true	0.0000			false	0.0000	0.0000	false	0.0000
wh3_main_spell_tzeentch_treason_of_tzeentch_upgraded	-1.0000	negative		false	false	0.0000	0.0000	0.0000	0.0000	0	0	false	0.0000	0.0000	false	0		wh3_main_tzeentch_treason_of_tzeentch	wh3_main_spell_tzeentch_treason_of_tzeentch	false	true	true	0.0000			false	0.0000	0.0000	false	0.0000
wh3_main_spell_yin_missile_mirror	-1.0000	negative		false	false	0.0000	0.0000	0.0000	0.0000	0	0	false	0.0000	0.0000	false	0		wh3_main_spell_yin_missile_mirror	wh3__spell_yin_missile_mirror	false	true	true	0.0000			false	0.0000	0.0000	false	0.0000
wh3_main_spell_yin_missile_mirror_upgraded	-1.0000	negative		false	false	0.0000	0.0000	0.0000	0.0000	0	0	false	0.0000	0.0000	false	0		wh3_main_spell_yin_missile_mirror	wh3__spell_yin_missile_mirror	false	true	true	0.0000			false	0.0000	0.0000	false	0.0000
wh3_main_spell_yin_storm_of_shadows	-1.0000	negative		false	false	0.0000	0.0000	0.0000	0.0000	0	0	false	0.0000	0.0000	false	0		wh3_main_spell_yin_storm_of_shadows	wh3_main_spell_yin_storm_of_shadows	false	true	true	0.0000			false	0.0000	0.0000	false	0.0000
wh3_main_spell_yin_storm_of_shadows_upgraded	-1.0000	negative		false	false	0.0000	0.0000	0.0000	0.0000	0	0	false	0.0000	0.0000	false	0		wh3_main_spell_yin_storm_of_shadows	wh3_main_spell_yin_storm_of_shadows	false	true	true	0.0000			false	0.0000	0.0000	false	0.0000
wh_dlc03_spell_beasts_the_curse_of_anraheir	-1.0000	negative		false	false	0.0000	0.0000	0.0000	0.0000	0	0	false	0.0000	0.0000	false	0		wh_dlc03_spell_beasts_the_curse_of_anraheir	wh_dlc03_spell_beasts_curse_of_anraheir	false	false	true	0.0000			false	0.0000	0.0000	false	0.0000
wh_dlc03_spell_wild_devolve	-1.0000	negative		false	false	0.0000	0.0000	0.0000	0.0000	0	0	false	0.0000	0.0000	false	0		wh_dlc03_spell_wild_traitor_kin	wh_dlc03_spell_wild_traitor_kin	false	true	true	0.0000			false	0.0000	0.0000	false	0.0000
wh_dlc03_spell_wild_devolve_upgraded	-1.0000	negative		false	false	0.0000	0.0000	0.0000	0.0000	0	0	false	0.0000	0.0000	false	0		wh_dlc03_spell_wild_traitor_kin	wh_dlc03_spell_wild_traitor_kin	false	true	true	0.0000			false	0.0000	0.0000	false	0.0000
wh_dlc05_spell_life_awakening_of_the_wood	-1.0000	negative		false	false	0.0000	0.0000	0.0000	0.0000	0	0	false	0.0000	0.0000	false	0				false	false	true	0.0000			false	0.0000	0.0000	false	0.0000
wh_dlc05_spell_shadow_the_enfeebling_foe	-1.0000	negative		false	false	0.0000	0.0000	0.0000	0.0000	0	0	false	0.0000	0.0000	false	0		wh_dlc05_spell_shadow_the_enfeebling_foe	wh_dlc05_spell_shadow_the_enfeebling_foe	false	true	true	0.0000			false	0.0000	0.0000	false	0.0000
wh_dlc05_spell_shadow_the_enfeebling_foe_upgraded	-1.0000	negative		false	false	0.0000	0.0000	0.0000	0.0000	0	0	false	0.0000	0.0000	false	0		wh_dlc05_spell_shadow_the_enfeebling_foe	wh_dlc05_spell_shadow_the_enfeebling_foe	false	true	true	0.0000			false	0.0000	0.0000	false	0.0000
wh_dlc05_spell_shadow_the_withering	-1.0000	negative		false	false	0.0000	0.0000	0.0000	0.0000	0	0	false	0.0000	0.0000	false	0		wh_dlc05_spell_shadow_the_withering	wh_dlc05_spell_shadow_the_withering	false	true	true	0.0000			false	0.0000	0.0000	false	0.0000
wh_dlc05_spell_shadow_the_withering_upgraded	-1.0000	negative		false	false	0.0000	0.0000	0.0000	0.0000	0	0	false	0.0000	0.0000	false	0		wh_dlc05_spell_shadow_the_withering	wh_dlc05_spell_shadow_the_withering	false	true	true	0.0000			false	0.0000	0.0000	false	0.0000
wh_main_spell_death_doom_and_darkness	-1.0000	negative		false	false	0.0000	0.0000	0.0000	0.0000	0	0	false	0.0000	0.0000	false	0		wh_main_spell_death_doom_and_darkness	wh_main_spell_death_doom_and_darkness	false	true	true	0.0000			false	0.0000	0.0000	false	0.0000
wh_main_spell_death_doom_and_darkness_upgraded	-1.0000	negative		false	false	0.0000	0.0000	0.0000	0.0000	0	0	false	0.0000	0.0000	false	0		wh_main_spell_death_doom_and_darkness	wh_main_spell_death_doom_and_darkness	false	true	true	0.0000			false	0.0000	0.0000	false	0.0000
wh_main_spell_death_soulblight	-1.0000	negative		false	false	0.0000	0.0000	0.0000	0.0000	0	0	false	0.0000	0.0000	false	0		wh_main_spell_death_soulblight	wh_main_spell_death_soulblight	false	true	true	0.0000			false	0.0000	0.0000	false	0.0000
wh_main_spell_death_soulblight_upgraded	-1.0000	negative		false	false	0.0000	0.0000	0.0000	0.0000	0	0	false	0.0000	0.0000	false	0		wh_main_spell_death_soulblight	wh_main_spell_death_soulblight	false	true	true	0.0000			false	0.0000	0.0000	false	0.0000
wh_main_spell_heavens_curse_of_the_midnight_wind	-1.0000	negative		false	false	0.0000	0.0000	0.0000	0.0000	0	0	false	0.0000	0.0000	false	0		wh_main_spell_heavens_curse_of_the_midnight_wind	wh_main_spell_heavens_curse_of_the_midnight_wind	false	true	true	0.0000			false	0.0000	0.0000	false	0.0000
wh_main_spell_heavens_curse_of_the_midnight_wind_upgraded	-1.0000	negative		false	false	0.0000	0.0000	0.0000	0.0000	0	0	false	0.0000	0.0000	false	0		wh_main_spell_heavens_curse_of_the_midnight_wind	wh_main_spell_heavens_curse_of_the_midnight_wind	false	true	true	0.0000			false	0.0000	0.0000	false	0.0000
wh_main_spell_light_net_of_amyntok	-1.0000	negative		true	false	0.0000	0.0000	0.0000	0.0000	0	0	false	0.0000	0.0000	false	0		wh_main_spell_light_net_of_amyntok	wh_main_spell_light_net_of_amyntok	false	true	true	0.0000			false	0.0000	0.0000	false	0.0000
wh_main_spell_light_net_of_amyntok_upgraded	-1.0000	negative		true	false	0.0000	0.0000	0.0000	0.0000	0	0	false	0.0000	0.0000	false	0		wh_main_spell_light_net_of_amyntok	wh_main_spell_light_net_of_amyntok	false	true	true	0.0000			false	0.0000	0.0000	false	0.0000
wh_main_spell_lil_waaagh_curse_of_da_bad_moon	-1.0000	negative		false	false	0.0000	0.0000	0.0000	0.0000	0	0	false	0.0000	0.0000	false	0				false	false	true	0.0000			false	0.0000	0.0000	false	0.0000
wh_main_spell_lil_waaagh_curse_of_da_bad_moon_upgraded	-1.0000	negative		false	false	0.0000	0.0000	0.0000	0.0000	0	0	false	0.0000	0.0000	false	0				false	false	true	0.0000			false	0.0000	0.0000	false	0.0000
wh_main_spell_lil_waaagh_gorkll_fix_it	-1.0000	negative		false	false	0.0000	0.0000	0.0000	0.0000	0	0	false	0.0000	0.0000	false	0		wh_main_spell_lil_waaagh_gorkll_fix_it	wh_main_spell_lil_waaagh_gorkll_fix_it	false	true	true	0.0000			false	0.0000	0.0000	false	0.0000
wh_main_spell_lil_waaagh_itchy_nuisance	-1.0000	negative		false	false	0.0000	0.0000	0.0000	0.0000	0	0	false	0.0000	0.0000	false	0		wh_main_spell_lil_waaagh_itchy_nuisance	wh_main_spell_lil_waaagh_itchy_nuisance	false	true	true	0.0000			false	0.0000	0.0000	false	0.0000
wh_main_spell_metal_plague_of_rust	-1.0000	negative		false	false	0.0000	0.0000	0.0000	0.0000	0	0	false	0.0000	0.0000	false	0		wh_main_spell_metal_plague_of_rust	wh_main_spell_metal_plague_of_rust	false	true	true	0.0000			false	0.0000	0.0000	false	0.0000
wh_main_spell_metal_plague_of_rust_upgraded	-1.0000	negative		false	false	0.0000	0.0000	0.0000	0.0000	0	0	false	0.0000	0.0000	false	0		wh_main_spell_metal_plague_of_rust	wh_main_spell_metal_plague_of_rust	false	true	true	0.0000			false	0.0000	0.0000	false	0.0000
wh_main_spell_metal_transmutation_of_lead	-1.0000	negative		false	false	0.0000	0.0000	0.0000	0.0000	0	0	false	0.0000	0.0000	false	0		wh_main_spell_metal_transmutation_of_lead	wh_main_spell_metal_transmutation_of_lead	false	true	true	0.0000			false	0.0000	0.0000	false	0.0000
wh_main_spell_metal_transmutation_of_lead_upgraded	-1.0000	negative		false	false	0.0000	0.0000	0.0000	0.0000	0	0	false	0.0000	0.0000	false	0		wh_main_spell_metal_transmutation_of_lead	wh_main_spell_metal_transmutation_of_lead	false	true	true	0.0000			false	0.0000	0.0000	false	0.0000
wh_main_spell_vampires_curse_of_years	-1.0000	negative		false	false	0.0000	0.0000	0.0000	0.0000	0	0	false	0.0000	0.0000	false	0		wh_main_spell_vampires_curse_of_years	wh_main_spell_vampires_curse_of_years	false	true	true	0.0000			false	0.0000	0.0000	false	0.0000
